Role Name,Slug,Collection ID,Locale ID,Item ID,Archived,Draft,Created On,Updated On,Published On,Active?,Role Image,Responsibilities,Requirements,Discipline,School
Accounts Manager (Financial Forecasting & Procurement),accounts-manager-financial-forecasting-procurement,682978edd8c30949b2fd6bf0,68170b56936df62525bb06b5,69e58c22f693efed37cb1801,false,false,Mon Apr 20 2026 02:14:58 GMT+0000 (Coordinated Universal Time),Mon Apr 20 2026 03:03:00 GMT+0000 (Coordinated Universal Time),Mon Apr 20 2026 03:03:00 GMT+0000 (Coordinated Universal Time),true,,"<ul><li>Manage team budgets, expense tracking, and financial reporting &nbsp;</li></ul><ul><li>Oversee procurement processes (e.g. software subscriptions like AWS, equipment purchases) &nbsp;</li></ul><ul><li>Review and approve purchase requests across subteams &nbsp;</li></ul><ul><li>Forecast financial needs for builds, competitions, and events &nbsp;</li></ul><ul><li>Maintain financial records and ensure accountability across the team &nbsp;</li></ul><ul><li>Work with sponsorships to track incoming funding and allocations </li></ul><p>‍</p>","<ul><li>Strong attention to detail and organisational skills &nbsp;</li></ul><ul><li>Interest in finance, accounting, or operations &nbsp;</li></ul><ul><li>Experience with spreadsheets (Excel/Google Sheets) &nbsp;</li></ul><ul><li>Ability to manage multiple requests and deadlines &nbsp;</li></ul><ul><li>Clear communication when working with technical and non-technical teams </li></ul><p>‍</p>",,
Alternative Energies Engineer,alternative-energies-engineer-a6a01,682978edd8c30949b2fd6bf0,68170b56936df62525bb06b5,682979a0d3200066712823a5,false,false,Sun May 18 2025 06:09:36 GMT+0000 (Coordinated Universal Time),Wed Apr 08 2026 03:19:12 GMT+0000 (Coordinated Universal Time),Wed Apr 08 2026 03:19:12 GMT+0000 (Coordinated Universal Time),true,https://cdn.prod.website-files.com/68170b56936df62525bb06bd/68725399b6e2f0969c24c8f3_2021-12-13-Sunswift-test-drive-0059.avif,"<ul id=""""><li>Design, analyse and optimise an automotive PEM hydrogen fuel cell system </li></ul><ul id=""""><li>Creating engineering diagrams, i.e. Block Flow Diagrams (BFDs), Process Flow Diagrams (PFDs) and Piping and Instrumentation Diagrams (P&amp;IDs) to accurately map out the fuel cell system &nbsp;</li></ul><ul id=""""><li>Develop and carry out fuel cell testing procedures to measure the efficiency, reliability and safety of the fuel cell system under various operating conditions to ensure compliance with Australian Design Rules (ADRs) </li></ul><ul id=""""><li>Collaborate with multidisciplinary teams to ensure seamless integration of the hydrogen system with other vehicle components and energy sources </li></ul>","<ul id=""""><li>3<sup id="""">rd</sup> Year Student (Preferred) </li></ul><ul id=""""><li>Currently pursuing an undergraduate degree in Chemical Engineering / Chemical Product Engineering </li></ul><ul id=""""><li>Experienced with / interested in designing and testing hydrogen energy systems &nbsp;</li></ul><ul id=""""><li>Solid foundation in Chemical Engineering concepts i.e. mass and energy balances (CEIC2000), and heat and mass transfer (CEIC2002) </li></ul><ul id=""""><li>Able to carry out / have knowledge in equipment selection and the engineering design process (CEIC3004) </li></ul><ul id=""""><li>Bonus – knowledge in process simulation with software e.g. ASPEN Plus / Hysys or any simulation software of choice (CEIC3004 and/or CEIC3005) </li></ul><ul id=""""><li>Bonus – knowledge in process modeling with software e.g. MATLAB / Python or any code of choice (MATH2089 and/or MATH2018, CEIC3000) </li></ul>",Chemical Engineering,Engineering
Alternative Energies Engineer,alternative-energies-engineer-f7437,682978edd8c30949b2fd6bf0,68170b56936df62525bb06b5,682979a1c8bbccc8ee5241aa,false,false,Sun May 18 2025 06:09:37 GMT+0000 (Coordinated Universal Time),Wed Apr 08 2026 03:19:12 GMT+0000 (Coordinated Universal Time),Wed Apr 08 2026 03:19:12 GMT+0000 (Coordinated Universal Time),false,https://cdn.prod.website-files.com/68170b56936df62525bb06bd/687255258b459659a5484d90_2021-12-13-Sunswift-test-drive-0097.jpg,"<ul id="""">  <li>Design and integrate the electrical systems required for the hydrogen fuel cell subsystem, including interfacing with the vehicle’s high-voltage bus</li>  <li>Specify and support the implementation of DC-DC converters to match fuel cell output to the SR8 ECS architecture</li>  <li>Assist in the development of the Power Control Unit (PCU), focusing on safety interlocks, power routing, shutdown logic, and telemetry</li>  <li>Support sensor selection and signal integration for stack voltage, current, temperature, hydrogen leak detection, and system-level fault response</li>  <li>Collaborate with the ECS and Embedded Systems teams to define electrical safety protocols, wiring layout, and fail-safe response logic</li>  <li>Contribute to electrical testing and validation of the fuel cell under real and simulated load conditions</li></ul>","<ul id="""">  <li>Proficiency in circuit design and schematic capture (e.g. KiCAD, Altium, or equivalent) is preferred</li>  <li>Strong understanding of DC power systems, including power electronics, isolation, and grounding strategies</li>  <li>Familiarity with embedded systems or low-level control (e.g. microcontrollers, GPIO, CAN) is highly desirable</li>  <li>Experience with sensor interfacing and signal conditioning (analog/digital) preferred</li>  <li>Ability to collaborate in a fast-moving, multidisciplinary team and communicate clearly across engineering domains</li>  <li>Electrical engineering or Mechatronics students are encouraged to apply</li></ul>",Electrical Engineering,Engineering
Alternative Energies Software Engineer,alternative-energies-software-engineer,682978edd8c30949b2fd6bf0,68170b56936df62525bb06b5,687b42ca8ca7f33437332a58,false,false,Sat Jul 19 2025 07:01:30 GMT+0000 (Coordinated Universal Time),Wed Apr 08 2026 03:19:13 GMT+0000 (Coordinated Universal Time),Wed Apr 08 2026 03:19:13 GMT+0000 (Coordinated Universal Time),true,https://cdn.prod.website-files.com/68170b56936df62525bb06bd/687254a861b8e8a2b3d8f57c_2021-12-13-Sunswift-test-drive-0035.jpg,"<ul><li>Implement real-time data logging for the 240 W pilot-scale Proton Exchange Membrane Fuel Cell (PEMFC)</li><li>Develop embedded or software-based systems to track critical operating parameters including voltage, current, temperature, humidity, gas pressure, and hydrogen/air flow rates during vehicle operation.</li><li>Design control logic to operate key fuel cell subsystems, such as compressors, fans, and mass flow controllers</li><li>Develop and integrate fault detection and safety response logic to protect the fuel cell system from hazardous conditions such as hydrogen leaks, overheating, or membrane dry-out.</li><li>Support the development and testing of safe and reliable startup/shutdown procedures for the PEMFC system, ensuring smooth transitions between power states within the vehicle’s tribrid energy system (battery–solar–hydrogen).</li></ul>","<ul><li>Currently studying Computer Science, Software Engineering, Electrical/Mechatronics Engineering.</li><li>Proficiency in programming languages such as C/C++ and Python</li><li>Understanding of real-time systems or control loops (e.g. PID control).</li><li>Ability to read circuit diagrams and interface with hardware.</li><li>Strong Problem-Solving Skills and ability to work in a multi-disciplinary team environment</li><li>A passion for renewable energy, sustainable transport, and cutting-edge technology is a bonus</li></ul>",Software Engineering,Engineering
Branding and Merchandise,branding-and-merchandise,682978edd8c30949b2fd6bf0,68170b56936df62525bb06b5,682979a2f9165ea00760e107,false,false,Sun May 18 2025 06:09:38 GMT+0000 (Coordinated Universal Time),Wed Apr 08 2026 03:19:12 GMT+0000 (Coordinated Universal Time),Wed Apr 08 2026 03:19:12 GMT+0000 (Coordinated Universal Time),false,https://cdn.prod.website-files.com/68170b56936df62525bb06bd/687256e236e4676afd40d5b3_Image%202_edited.jpg,"<p id="""">This role involves creating a clear brand image across all communications and designs. Such branding is managed across promotional materials, the Sunswift website, and the creation of cohesive team merchandise.&nbsp;<br></p><p id="""">This includes consolidating existing Sunswift merchandise and social channels and creating specific style guides and oversight for new media.</p>",,Media,Media
Business Development,business-development,682978edd8c30949b2fd6bf0,68170b56936df62525bb06b5,69e58be3878d0a06fbb68efd,false,false,Mon Apr 20 2026 02:13:55 GMT+0000 (Coordinated Universal Time),Mon Apr 20 2026 03:03:03 GMT+0000 (Coordinated Universal Time),Mon Apr 20 2026 03:03:03 GMT+0000 (Coordinated Universal Time),true,https://cdn.prod.website-files.com/68170b56936df62525bb06bd/69e58bc6c28627814912a45a_busi%20deevlop%20(1).png,"<ul><li>Improve internal workflows, systems, and operational efficiency &nbsp;</li></ul><ul><li>Implement and manage business tools (e.g. ERP systems like Odoo) &nbsp;</li></ul><ul><li>Support data management and cross-team integration &nbsp;</li></ul><ul><li>Identify inefficiencies and propose process improvements &nbsp;</li></ul><ul><li>Work with subteams to streamline operations and communication &nbsp;</li></ul><ul><li>Assist in scaling Sunswift’s internal capabilities &nbsp;</li></ul><p>‍</p>","<ul><li>Analytical and problem-solving mindset &nbsp;</li></ul><ul><li>Interest in operations, consulting, or systems implementation &nbsp;</li></ul><ul><li>Familiarity with software tools or willingness to learn &nbsp;</li></ul><ul><li>Ability to understand cross-functional team needs &nbsp;</li></ul><ul><li>Strong initiative and adaptability </li></ul><p>‍</p>",Business,Business
Content Creator,content-creator,682978edd8c30949b2fd6bf0,68170b56936df62525bb06b5,6879f83ca429d50db750bc24,false,false,Fri Jul 18 2025 07:31:08 GMT+0000 (Coordinated Universal Time),Wed Apr 08 2026 03:19:12 GMT+0000 (Coordinated Universal Time),Wed Apr 08 2026 03:19:12 GMT+0000 (Coordinated Universal Time),true,https://cdn.prod.website-files.com/68170b56936df62525bb06bd/687a017b4994a8ccbeb2c8e1_image(1).png,"<p id="""">Sunswift aims to create engaging and high-quality content on platforms such as Instagram, Facebook, LinkedIn, and YouTube. This role involves working with the photographer/videographer, social media officer, and media officer, to create content that executes the vision of the media team to project a clear brand voice and visual identity. This includes:</p><ul><li>Creating graphic and video content </li><li>Assisting with recording video and taking photos for specific social media posts </li><li>Curating photos, video, and audio for Sunswift’s media channels</li></ul>",,Media,Media
Copywriter,copywriter,682978edd8c30949b2fd6bf0,68170b56936df62525bb06b5,69d515ef24befb7f4ae2dbcf,false,false,Tue Apr 07 2026 14:34:23 GMT+0000 (Coordinated Universal Time),Wed Apr 08 2026 03:19:13 GMT+0000 (Coordinated Universal Time),Wed Apr 08 2026 03:19:13 GMT+0000 (Coordinated Universal Time),true,https://cdn.prod.website-files.com/68170b56936df62525bb06bd/69d5c6079926df6dd9c5753f_copywriter.jpg,"<p>In this role we are looking for someone with strong written communication skills to write for various content forms including social media and newsletters.</p><p><a href=""https://forms.cloud.microsoft/Pages/ResponsePage.aspx?id=pM_2PxXn20i44Qhnufn7o7pdhLeqwPNNryop8wbNiK9UMERaOFI2QkgzMTY4Q1NHTjRPMUROVk5OWS4u"" target=""_blank"">Apply for this role here!</a></p>",<ul><li>Collaborate with other roles to maintain a consistent brand voice </li></ul><ul><li>Adapting to different target audiences </li></ul><ul><li>Execute media strategy through written communication </li></ul><p>‍</p>,Media,Media
Design Engineer: Chassis and Bodywork,design-engineer-chassis-and-bodywork,682978edd8c30949b2fd6bf0,68170b56936df62525bb06b5,682979a2c605e9c21bf1c5fb,false,false,Sun May 18 2025 06:09:38 GMT+0000 (Coordinated Universal Time),Wed Apr 08 2026 03:19:14 GMT+0000 (Coordinated Universal Time),Wed Apr 08 2026 03:19:14 GMT+0000 (Coordinated Universal Time),false,https://cdn.prod.website-files.com/68170b56936df62525bb06bd/687256735fe95b0ea21cdd02_2021-05-07-CANCER-RESEARCH-CAN-20-2496R2-Capture-0028(2).avif,"<ul id="""">  <li>Design and maintain detailed CAD models and assemblies of various chassis components.</li>  <li>Optimise part performance and ensure compliance with Australian standards by using simulation software and real-world testing to analyse and evaluate components.</li>  <li>Employ various manufacturing methods and processes to fabricate composite and non-composite parts.</li>  <li>Keep up to date with advancements in materials science, manufacturing, and automotive engineering to be able to apply recent engineering innovations to current projects.</li>  <li>Collaborate effectively with engineers across departments and disciplines to ensure optimal integration of mechanical and electrical subsystems.</li></ul>","<ul id="""">  <li>Currently pursuing an undergraduate degree in Aerospace Engineering, Mechanical Engineering, Mechatronics Engineering or a related field.</li>  <li>Proficiency in CAD software (e.g., Solidworks) is essential.</li>  <li>Strong understanding of common manufacturing processes.</li>  <li>Bonus - knowledge in composite materials and manufacturing.</li>  <li>Bonus - proficiency in FEA.</li>  <li>Bonus - robotics experience or knowledge of electrical systems.</li></ul>",Mechanical Engineering,Engineering
Electrical Control System Engineer,electrical-control-system-engineer,682978edd8c30949b2fd6bf0,68170b56936df62525bb06b5,682979a1bb81a9ae144f4bef,false,false,Sun May 18 2025 06:09:37 GMT+0000 (Coordinated Universal Time),Wed Apr 08 2026 03:19:13 GMT+0000 (Coordinated Universal Time),Wed Apr 08 2026 03:19:13 GMT+0000 (Coordinated Universal Time),false,https://cdn.prod.website-files.com/68170b56936df62525bb06bd/687254c859be65ec3ee11d1f_2021-12-13-Sunswift-test-drive-0034.jpg,"<ul id="""">  <li>Develop the Electrical Control System (ECS) that manages and optimizes power flow between the SR8’s battery, solar panels, motors, MPPT, charging and hydrogen fuel cells.</li>  <li>Integrate control algorithms to ensure efficient energy distribution and system stability across all energy sources.</li>  <li>Create detailed electrical schematics and circuit designs using PCB design software (e.g., Altium) to ensure compliance with project specifications, Australian Design Rules and relevant safety and electrical standards.</li>  <li>Perform simulations and model energy systems using software tools (e.g., MATLAB, Simulink) to test control strategies.</li>  <li>Monitor and troubleshoot the performance of control systems, identifying faults and optimizing system behavior.</li>  <li>Document control system designs, updates, and test results, and contribute to technical reports.</li></ul>","<ul id="""">  <li>Currently pursuing an undergraduate degree in Electrical Engineering, Mechatronics, or a related field.</li>  <li>Strong understanding of control systems, particularly in the context of energy management and power systems.</li>  <li>Familiarity with communication protocols (e.g. Modbus, CAN, or SCADA systems) used in control and monitoring systems.</li>  <li>Experience with control system development tools (e.g. Altium, MATLAB, Simulink) is preferred.</li>  <li>Good communication skills to liaise with project managers and a cross-disciplinary team.</li>  <li>Enthusiastic about sustainable energy solutions and renewable technologies.</li></ul>",Electrical Engineering,Engineering
Electrical Hardware PCB Engineer,electrical-hardware-pcb-engineer,682978edd8c30949b2fd6bf0,68170b56936df62525bb06b5,6829799fd8c30949b2fdb100,false,false,Sun May 18 2025 06:09:35 GMT+0000 (Coordinated Universal Time),Wed Apr 08 2026 03:19:13 GMT+0000 (Coordinated Universal Time),Wed Apr 08 2026 03:19:13 GMT+0000 (Coordinated Universal Time),true,https://cdn.prod.website-files.com/68170b56936df62525bb06bd/687255258b459659a5484d90_2021-12-13-Sunswift-test-drive-0097.avif,"<ul id=""""><li>Design PCBs for embedded systems that will handle the control and monitoring of various vehicle subsystems, including power management, sensor data acquisition, and communication. </li></ul><ul id=""""><li>Select and source appropriate components for PCBs, considering factors such as power requirements, environmental conditions, size constraints, and cost-effectiveness. </li></ul><ul id=""""><li>Design electrical schematics using Altium PCB design software to ensure correct connections and functionality between components. </li></ul><ul id=""""><li>Hand assembly of components onto PCB boards in the UNSW makerspace. </li></ul><ul id=""""><li>Perform simulations and tests on PCB designs to ensure all design requirements are met. Prototype and test PCB designs to further ensure all electrical characteristics are within specifications and that the board operates reliably under various conditions. </li></ul><ul id=""""><li>Integrate PCB with communication protocols of the car, ensuring seamless communication between sensor and user. </li></ul><ul id=""""><li>Work with the Energy Systems and Mechanical department team to integrate PCBs, monitoring a plethora of systems, such as battery, solar panels, brake pressure, autonomous parking, and more. </li></ul><ul id=""""><li>Coordination with the Embedded software team for firmware and rigorous testing of designs. </li></ul>","<ul id=""""><li>Pursuing an undergraduate degree in Electrical Engineering, Mechatronics, or a related field. </li></ul><ul id=""""><li>Experience in PCB design, with knowledge of design rules, component placement, and signal integrity considerations. </li></ul><ul id=""""><li>Familiarity with PCB manufacturing processes and the ability to troubleshoot identified PCB issues. </li></ul><ul id=""""><li>Strong attention to detail and ability to work through multiple design iterations. </li></ul>",Electrical Engineering,Engineering
Electrical Powertrain Engineer,electrical-powertrain-engineer,682978edd8c30949b2fd6bf0,68170b56936df62525bb06b5,69111c1c3315e6861a0ed573,false,false,Sun Nov 09 2025 22:56:28 GMT+0000 (Coordinated Universal Time),Wed Apr 08 2026 03:19:12 GMT+0000 (Coordinated Universal Time),Wed Apr 08 2026 03:19:12 GMT+0000 (Coordinated Universal Time),true,https://cdn.prod.website-files.com/68170b56936df62525bb06bd/6911438f20de4e6f3f123300_Elec%20PWT.jpg,"<ul id=""""><li>Understanding, maintaining and diagnosing powertrain-related electrical systems. &nbsp;</li></ul><ul id=""""><li>Collaborate closely with control engineers to ensure proper integration of motors and inverters. &nbsp;</li></ul><ul id=""""><li>Design, optimise and analyse electrical powertrain components for a high-performance electric vehicle. &nbsp;</li></ul>","<ul id=""""><li>Solid foundation and understanding in electrical circuit design-ELEC2134. </li></ul><ul id=""""><li>Understanding of electric machines and power electronics- ELEC3105 (preferred). </li></ul><p>‍</p>",Electrical Engineering,Engineering
Embedded Systems Sensor Engineer,embedded-systems-sensor-engineer,682978edd8c30949b2fd6bf0,68170b56936df62525bb06b5,682979a016de3744b0ce0562,false,false,Sun May 18 2025 06:09:36 GMT+0000 (Coordinated Universal Time),Wed Apr 08 2026 03:19:12 GMT+0000 (Coordinated Universal Time),Wed Apr 08 2026 03:19:12 GMT+0000 (Coordinated Universal Time),false,https://cdn.prod.website-files.com/68170b56936df62525bb06bd/68725459a1797499826c20d9_2021-12-13-Sunswift-test-drive-0077.jpg,"<ul id="""">  <li>Design and implement a multitude of sensors to monitor critical vehicle parameters in real time, such as temperature, current, voltage, and drive functions.</li>  <li>Research and select appropriate sensors for various applications, considering factors such as accuracy, sensitivity, power consumption, and environmental durability.</li>  <li>Utilise relevant communication protocol to ensure integration of sensor with the wider vehicle and user.</li>  <li>Calibrate sensors and perform signal processing to filter noise and ensure the accuracy of the data being collected.</li>  <li>Communicate requirements necessary to develop software or firmware to read sensor data and communicate it to other vehicle systems.</li>  <li>Perform real-world testing of sensor systems in the vehicle, troubleshooting issues with data accuracy or communication and making necessary adjustments.</li>  <li>Document sensor system designs, including calibration procedures and integration guidelines for future teams.</li></ul>","<ul id="""">  <li>Pursuing an undergraduate degree in Electrical Engineering, Mechatronics, Software Engineering or related fields.</li>  <li>Experience with a multitude of sensor technologies and experience in integrating sensors into embedded systems.</li>  <li>Experience with Python and C is preferred.</li>  <li>Knowledge of signal processing techniques to handle noisy or complex data.</li>  <li>Strong problem-solving skills and ability to work with both hardware and software.</li></ul>",Electrical Engineering,Engineering
Embedded Systems Software Engineer,embedded-systems-software-engineer,682978edd8c30949b2fd6bf0,68170b56936df62525bb06b5,682979a1292840b5a732f392,false,false,Sun May 18 2025 06:09:37 GMT+0000 (Coordinated Universal Time),Wed Apr 08 2026 03:19:13 GMT+0000 (Coordinated Universal Time),Wed Apr 08 2026 03:19:13 GMT+0000 (Coordinated Universal Time),true,https://cdn.prod.website-files.com/68170b56936df62525bb06bd/691141860170aec3288bc7bd_Embedded%20Software.JPG,"<h5><strong>High Level Embedded Systems</strong></h5><ul id=""""><li id="""">Design, develop, and implement embedded systems for Sunswift 8. </li><li id="""">Plan and implement high- and low-level control systems for Sunswift’s vehicles. &nbsp;</li><li>Develop and deploy applications on QNX-based systems</li><li>Contribute to overall system architecture and ensure software scalability, reliability, and maintainability.</li><li>Collaborate with electrical and mechanical teams to ensure seamless hardware–software integration.</li><li>Use modern development practices including GitHub version control, CI/CD, documentation, and agile workflows (e.g. Jira)</li><li id="""">Develop and maintain documentation for embedded systems and related software.</li></ul><h5 id=""""><strong id="""">Low Level Embedded Systems (Firmware)</strong></h5><ul id=""""><li id="""">Develop and optimize firmware for STM32 microcontrollers and other embedded platforms across multiple PCBs in the vehicle.</li><li id="""">Interface with hardware using UART, SPI, I²C, CAN, PWM, and related communication protocols.</li><li id="""">Read and interpret datasheets and hardware schematics to design reliable and efficient firmware.</li><li id="""">Support PCB bring-up, integration, and debugging using oscilloscopes, logic analysers, and debuggers.</li><li id="""">Assist in hardware component selection (sensors, actuators, compute modules) and ensure electrical compatibility.</li><li id="""">Collaborate closely with embedded hardware engineers to ensure stable and fault-tolerant system operation.</li></ul><p>‍</p><p>‍</p>","<ul id=""""><li id="""">Currently pursuing a degree in Mechatronics, Computer Engineering, Computer Science, or a related discipline.</li><li id="""">Proficiency in programming languages such as C/C++ and Python.</li><li id="""">Familiarity with embedded software toolchains, real-time operating systems (RTOS/QNX), and communication protocols (CAN, UART, I²C, SPI).</li><li id="""">Strong understanding of software design principles, modular architecture, and real-time constraints.</li><li id="""">Excellent problem-solving and collaboration skills, with the ability to work across software, electrical, and mechanical domains.</li><li id="""">Passion for sustainable automotive technologies and real-world engineering innovation.</li></ul>",Software Engineering,Engineering
Energy Systems MPPT Engineer,energy-systems-mppt-engineer,682978edd8c30949b2fd6bf0,68170b56936df62525bb06b5,682979a1292840b5a732f35f,false,false,Sun May 18 2025 06:09:37 GMT+0000 (Coordinated Universal Time),Wed Apr 08 2026 03:19:13 GMT+0000 (Coordinated Universal Time),Wed Apr 08 2026 03:19:13 GMT+0000 (Coordinated Universal Time),false,https://cdn.prod.website-files.com/68170b56936df62525bb06bd/687254a861b8e8a2b3d8f57c_2021-12-13-Sunswift-test-drive-0035.jpg,"<ul id="""">  <li>Design, construct, test and implement an MPPT to efficiently extract energy from onboard solar panels.</li>  <li>Conduct simulation and analyses to model MPPT performance under different operating conditions, test and validate.</li>  <li>Explore new and innovative MPPT technologies and assess them for viability in a solar car environment.</li>  <li>Collaborate with a multitude of departments to ensure the overall system meets the relevant ADR.</li></ul>","<ul id="""">  <li>Currently pursuing an undergraduate degree in Electrical Engineering, Mechatronics, Photovoltaics, or a related field.</li>  <li>2nd year and above.</li>  <li>Knowledge about existing MPPT technologies is essential.</li>  <li>Familiarity with software for electrical schematics and design (e.g., Altium).</li>  <li>Strong analytical skills and attention to detail.</li>  <li>Ability to work in a cross-disciplinary team and manage time effectively.</li></ul>",Electrical Engineering,Engineering
Energy Systems Power Distribution Engineer,energy-systems-battery-engineer,682978edd8c30949b2fd6bf0,68170b56936df62525bb06b5,682979a3d8c30949b2fdb26e,false,false,Sun May 18 2025 06:09:39 GMT+0000 (Coordinated Universal Time),Wed Apr 08 2026 03:19:13 GMT+0000 (Coordinated Universal Time),Wed Apr 08 2026 03:19:13 GMT+0000 (Coordinated Universal Time),true,https://cdn.prod.website-files.com/68170b56936df62525bb06bd/6872555bb6e2f0969c2552a4_2021-12-13-Sunswift-test-drive-0023.avif,"<ul><li>Design, construct, test and implement an innovative HV Li-ion battery for SR8 in conjunction with our industry partner. </li></ul><ul><li>Work on auxiliary battery systems such as charging, dc/dc converters and electrical control systems to interface the battery with other components in SR8 </li></ul><ul><li>Implement battery management systems (BMS) to monitor battery health, battery cycles and safe charging/discharging cycles. </li></ul><ul><li>Integrate the battery with other power systems such as solar panels and hydrogen fuel cells. </li></ul><ul><li>Collaborate with a multitude of departments to ensure the overall system meets the relevant ADR. </li></ul><ul><li>Work in a team to design an electrical control system to interface SR8s unique tri-brid energy system. </li></ul><p>‍</p>","<ul><li>Currently pursuing an undergraduate degree in Electrical Engineering, Mechatronics, or a related field. </li></ul><ul><li>2nd year and above. </li></ul><ul><li>Knowledge about battery systems, particularly Li-ion, is preferred but not essential. </li></ul><ul><li>Familiarity with software for electrical schematics (e.g., Altium). </li></ul><ul><li>Strong analytical skills and attention to detail. </li></ul><ul><li>Ability to work in a cross-disciplinary team and manage time effectively. </li></ul>",Electrical Engineering,Engineering
Financial Forecasting and Procurement,financial-forecasting-and-procurement,682978edd8c30949b2fd6bf0,68170b56936df62525bb06b5,682979a234450f4a548ad86e,false,false,Sun May 18 2025 06:09:38 GMT+0000 (Coordinated Universal Time),Wed Apr 08 2026 03:19:13 GMT+0000 (Coordinated Universal Time),Wed Apr 08 2026 03:19:13 GMT+0000 (Coordinated Universal Time),true,https://cdn.prod.website-files.com/68170b56936df62525bb06bd/687253600c4ce3b67ef359bb_2021-12-13-Sunswift-test-drive-0008.jpg,"<p id="""">While partners help cover a large amount of costs, there is still the need for the team to spend significant money or procuring parts and workshop equipment, as well as paying for event registration/transport/accommodation.<br></p><p id="""">A student in this role would be responsible for overseeing the various Sunswift accounts to understand the financial state of the project. This includes monitoring project budgets and reviewing procurement requests.&nbsp;<br></p><p id="""">They will also produce financial forecasts to help determine how funding should be allocated in the future, surrounding major milestones such as events or car development.</p>",,Business,Business
Fluids Engineer – Chassis and Bodywork,fluids-engineer---chassis-and-bodywork,682978edd8c30949b2fd6bf0,68170b56936df62525bb06b5,682979a270093a50cc544e2c,false,false,Sun May 18 2025 06:09:38 GMT+0000 (Coordinated Universal Time),Wed Apr 08 2026 03:19:12 GMT+0000 (Coordinated Universal Time),Wed Apr 08 2026 03:19:12 GMT+0000 (Coordinated Universal Time),false,https://cdn.prod.website-files.com/68170b56936df62525bb06bd/687255ac457ec0ffae7b20d2_2021-12-13-Sunswift-test-drive-0070.jpg,"<ul id="""">  <li>Design and integration of automotive <strong id="""">thermal </strong>management systems.&nbsp;</li>  <li>Optimise part performance and ensure compliance with Australian standards by using simulation software and real-world testing to analyse and evaluate components.</li>  <li>Collaborate effectively with engineers across departments and disciplines to ensure optimal integration of mechanical and electrical subsystems.</li>  <li>Keep up to date with advancements in materials science, manufacturing, and automotive engineering to be able to apply recent engineering innovations to current projects.</li></ul>","<ul id="""">  <li>Currently pursuing an undergraduate degree in Aerospace Engineering, Mechanical Engineering, Mechatronics Engineering or a related field.</li>  <li>Proficiency in CAD software (e.g., SolidWorks) is essential.</li>  <li>Strong understanding of thermodynamics and fluid mechanics.</li>  <li>Bonus – proficiency in CFD.</li>  <li>Bonus - robotics experience or knowledge of electrical systems.</li></ul>",Mechanical Engineering,Engineering
Graphic Designer ,graphic-designer,682978edd8c30949b2fd6bf0,68170b56936df62525bb06b5,69d5158afc1c0aee3920f511,false,false,Tue Apr 07 2026 14:32:42 GMT+0000 (Coordinated Universal Time),Wed Apr 08 2026 03:19:13 GMT+0000 (Coordinated Universal Time),Wed Apr 08 2026 03:19:13 GMT+0000 (Coordinated Universal Time),true,https://cdn.prod.website-files.com/68170b56936df62525bb06bd/69d5c65992e9e86841dfa5d8_Graphic%20Designer.JPG,"<p>Working closely with other roles in the media team, graphic designers will project a strong visual identity and brand voice that represents Sunswift Racing’s values and objectives.</p><p><a href=""https://forms.cloud.microsoft/Pages/ResponsePage.aspx?id=pM_2PxXn20i44Qhnufn7o7pdhLeqwPNNryop8wbNiK9UMERaOFI2QkgzMTY4Q1NHTjRPMUROVk5OWS4u"" target=""_blank"">Apply for this role here!</a></p><p>‍</p>",<ul><li>Curate visual media and brand assets </li></ul><ul><li>Form a strong visual identity </li></ul><ul><li>Experience in Adobe Suite or Canva preferred </li></ul><p>‍</p>,Media,Media
Human Resources,human-resources,682978edd8c30949b2fd6bf0,68170b56936df62525bb06b5,682979a086372c6792d7b705,false,false,Sun May 18 2025 06:09:36 GMT+0000 (Coordinated Universal Time),Mon Apr 20 2026 03:03:18 GMT+0000 (Coordinated Universal Time),Mon Apr 20 2026 03:03:18 GMT+0000 (Coordinated Universal Time),true,https://cdn.prod.website-files.com/68170b56936df62525bb06bd/6872530f88eb67bdb268612e_systems%20engineer.jpeg,"<p>Due to recruiting new team members every term, there is a constant stream of students joining and leaving the team each term. HR will involve all steps of the process, including:</p><ul><li>Manage recruitment cycles, applications, and interviews &nbsp;</li></ul><ul><li>Coordinate onboarding and offboarding processes &nbsp;</li></ul><ul><li>Maintain internal documentation and team records &nbsp;</li></ul><ul><li>Plan team bonding initiatives and culture-building activities &nbsp;</li></ul><ul><li>Support member engagement and retention strategies &nbsp;</li></ul><ul><li>Ensure clear communication of expectations and team structure &nbsp;</li></ul>","<ul><li>Strong organisational and people skills &nbsp;</li></ul><ul><li>Ability to handle sensitive information professionally &nbsp;</li></ul><ul><li>Interest in HR, leadership, or team management &nbsp;</li></ul><ul><li>Good communication and conflict resolution skills &nbsp;</li></ul><ul><li>Reliability and consistency in administrative tasks </li></ul><p>‍</p>",Business,Business
Industrial Designer,industrial-designer,682978edd8c30949b2fd6bf0,68170b56936df62525bb06b5,682979a2b42d35f376ee45fa,false,false,Sun May 18 2025 06:09:38 GMT+0000 (Coordinated Universal Time),Wed Apr 08 2026 03:19:13 GMT+0000 (Coordinated Universal Time),Wed Apr 08 2026 03:19:13 GMT+0000 (Coordinated Universal Time),true,https://cdn.prod.website-files.com/68170b56936df62525bb06bd/68725562ca081c054854aa8e_industrial%20design%20engineer_edited.jpg,"<ul id="""">  <li>Ideate, conceptualise, prototype, iterate and implement innovative design solutions.</li>  <li>Create detailed sketches, 3D models, and renderings or animations to visualise concepts.</li>  <li>Collaborate with departments such as Body &amp; Chassis, Interior, Embedded Systems, Vehicle Dynamics or Software to ensure design integration and consistency.</li>  <li>Create and manage accurate and consistent design documentation throughout the process.</li></ul>","<ul id="""">  <li>Currently pursuing a degree in Industrial Design, 3D Visualisation or Interaction Design.</li>  <li>2nd year or above.</li>  <li>Proven design experience and projects.</li></ul>",Industrial Design,Engineering
Infotainment Engineer,infotainment-engineer,682978edd8c30949b2fd6bf0,68170b56936df62525bb06b5,682979a0b42d35f376ee44e7,false,false,Sun May 18 2025 06:09:36 GMT+0000 (Coordinated Universal Time),Wed Apr 08 2026 03:19:12 GMT+0000 (Coordinated Universal Time),Wed Apr 08 2026 03:19:12 GMT+0000 (Coordinated Universal Time),true,https://cdn.prod.website-files.com/68170b56936df62525bb06bd/68725731c61183291a54aabf_2021-12-13-Sunswift-test-drive-0079.avif,<ul><li>Design and develop the bespoke infotainment system for Sunswift 8 as well as complementary features (such as a companion app) for Sunswift 8. </li><li>Implement responsive user interfaces using modern UI frameworks </li><li>Design intuitive dashboards that optimise driver experience </li><li>Build backend services to support the infotainment and mobile applications </li><li>Collaborate with the Embedded Systems team to integrate vehicle sensor data</li></ul>,"<ul id="""">  <li>Proficiency with various UI frameworks such as Flutter and React, or a strong desire to learn.</li>  <li>Experience designing responsive user interfaces.</li>  <li>Ability to quickly learn and adapt to new technologies and challenges.</li>  <li>Excellent problem-solving and communication skills.</li>  <li>Currently pursuing and in at least your second year of computer science, software engineering or related degree.</li></ul>",Software Engineering,Engineering
Logistics and Event Planning,logistics-and-event-planning,682978edd8c30949b2fd6bf0,68170b56936df62525bb06b5,6829799f8ff3ea9a00240a20,false,false,Sun May 18 2025 06:09:35 GMT+0000 (Coordinated Universal Time),Mon Apr 20 2026 03:03:18 GMT+0000 (Coordinated Universal Time),Mon Apr 20 2026 03:03:18 GMT+0000 (Coordinated Universal Time),true,https://cdn.prod.website-files.com/68170b56936df62525bb06bd/687252f4c3f56167133904df_2021-12-13-Sunswift-test-drive-0007.jpg,"<ul><li>Plan and execute events (e.g. Tech Day, expos, competitions, Outreach Program) &nbsp;</li></ul><ul><li>Coordinate logistics including travel, accommodation, and schedules &nbsp;</li></ul><ul><li>Develop run sheets and manage on-the-day operations &nbsp;</li></ul><ul><li>Liaise with internal teams, sponsors, and external stakeholders &nbsp;</li></ul><ul><li>Ensure smooth delivery of events from planning to execution &nbsp;</li></ul><ul><li>Handle contingency planning and problem-solving during events &nbsp;</li></ul><p>‍</p><p>‍</p>",<ul><li>Strong organisational and time management skills &nbsp;</li></ul><ul><li>Ability to work under pressure in fast-paced environments &nbsp;</li></ul><ul><li>Excellent coordination and communication skills &nbsp;</li></ul><ul><li>Experience in event planning (preferred but not required) &nbsp;</li></ul><ul><li>Willingness to commit time during major events </li></ul><p>‍</p>,Business,Business
Marketing Manager,marketing-manager,682978edd8c30949b2fd6bf0,68170b56936df62525bb06b5,682979a1f9165ea00760e0c7,false,false,Sun May 18 2025 06:09:37 GMT+0000 (Coordinated Universal Time),Mon Apr 20 2026 03:03:18 GMT+0000 (Coordinated Universal Time),Mon Apr 20 2026 03:03:18 GMT+0000 (Coordinated Universal Time),false,https://cdn.prod.website-files.com/68170b56936df62525bb06bd/6872530f88eb67bdb268612e_systems%20engineer.jpeg,<ul><li>Develop marketing strategies and campaign ideas &nbsp;</li></ul><ul><li>Plan content direction and brand positioning &nbsp;</li></ul><ul><li>Collaborate with media team for execution of posts and content &nbsp;</li></ul><ul><li>Align messaging with Sunswift’s mission and achievements &nbsp;</li></ul><ul><li>Support event promotion and sponsor visibility &nbsp;</li></ul><ul><li>Analyse engagement and improve campaign performance &nbsp;</li></ul><p> </p><p>‍</p>,"<ul><li>Creativity and strategic thinking &nbsp;</li></ul><ul><li>Interest in branding, marketing, or communications &nbsp;</li></ul><ul><li>Strong understanding of social media trends &nbsp;</li></ul><ul><li>Ability to generate and pitch ideas &nbsp;</li></ul><ul><li>Collaboration skills when working with media/design teams </li></ul><p>‍</p>",Business,Business
Material Science Engineer,materials-engineer,682978edd8c30949b2fd6bf0,68170b56936df62525bb06b5,682979a052f601287ffa6dc3,false,false,Sun May 18 2025 06:09:36 GMT+0000 (Coordinated Universal Time),Wed Apr 08 2026 03:19:12 GMT+0000 (Coordinated Universal Time),Wed Apr 08 2026 03:19:12 GMT+0000 (Coordinated Universal Time),true,https://cdn.prod.website-files.com/68170b56936df62525bb06bd/6872556856017ecb7bbffc8d_materials%20science_edited.avif,"<ul><li>Select optimal materials throughout design phase accounting for performance, safety, and sustainability. </li></ul><ul><li>Conduct material testing to ensure compliance with design and safety standards. </li></ul><ul><li>Provide guidance on material-related issues across vehicle departments to integrate solutions into the overall vehicle design. </li></ul><ul><li>Document all work done including but not limited to test results, material selections, justifications, and recommendations through clear technical reporting. </li></ul><ul><li>Perform Life Cycle Assessments (LCA) to evaluate embodied energy and carbon footprint. </li></ul><p>‍</p>","<ul><li>Currently pursuing a degree in Materials Science and Engineering (or related discipline), with basic knowledge in materials processing techniques. </li></ul><ul><li>Preferably in 2nd year or above. </li></ul><ul><li>Proficiency or willingness to learn CAD and LCA software (e.g., SolidWorks, Ansys Granta EduPack). </li></ul><ul><li>Strong communication, teamwork, and time management skills. </li></ul><ul><li>(Optional) Experience in corrosion, fatigue, or composite analysis is beneficial. </li></ul><p>‍</p>",Material Science,Engineering
Mechanical Design Engineer – Chassis and Bodywork,mechanical-design-engineer---chassis-and-bodywork,682978edd8c30949b2fd6bf0,68170b56936df62525bb06b5,682979a2d3200066712823fe,false,false,Sun May 18 2025 06:09:38 GMT+0000 (Coordinated Universal Time),Wed Apr 08 2026 03:19:13 GMT+0000 (Coordinated Universal Time),Wed Apr 08 2026 03:19:13 GMT+0000 (Coordinated Universal Time),true,https://cdn.prod.website-files.com/68170b56936df62525bb06bd/687256a6b6ac4d56582e4e30_mechanical%20engineer.avif,"<ul id=""""><li>Design and maintain detailed CAD models and assemblies of various chassis components. </li></ul><ul id=""""><li>Optimise part performance and ensure compliance with Australian standards by using simulation software and real-world testing to analyse and evaluate components. &nbsp;</li></ul><ul id=""""><li>Employ various manufacturing methods and processes to fabricate composite and non-composite parts. &nbsp;</li></ul><ul id=""""><li>Keep up to date with advancements in materials science, manufacturing, and automotive engineering to be able to apply recent engineering innovations to current projects. &nbsp;</li></ul><ul id=""""><li>Collaborate effectively with engineers across departments and disciplines to ensure optimal integration of mechanical and electrical subsystems. </li></ul><p>‍</p>","<ul id=""""><li>Currently pursuing an undergraduate degree in Aerospace Engineering, Mechanical Engineering, Mechatronics Engineering or a related field. </li></ul><ul id=""""><li>Proficiency in CAD software (e.g. Solidworks) is essential. </li></ul><ul id=""""><li>Strong understanding of common manufacturing processes. </li></ul><ul id=""""><li><strong id="""">Bonus </strong>- knowledge in composite materials and manufacturing. </li></ul><ul id=""""><li><strong id="""">Bonus </strong>- has taken thermodynamics (MMAN2700) and has strong interest in thermal </li></ul><ul id=""""><li><strong id="""">Bonus </strong>- experience in FEA and/or CFD </li></ul><ul id=""""><li><strong id="""">Bonus </strong>- robotics experience or knowledge of electrical systems. </li></ul><p>‍</p>",Mechanical Engineering,Engineering
Mechanical Engineer - Embedded Systems,mechanical-engineer---embedded-systems,682978edd8c30949b2fd6bf0,68170b56936df62525bb06b5,69112569312fffc41ac3db56,false,false,Sun Nov 09 2025 23:36:09 GMT+0000 (Coordinated Universal Time),Wed Apr 08 2026 03:19:12 GMT+0000 (Coordinated Universal Time),Wed Apr 08 2026 03:19:12 GMT+0000 (Coordinated Universal Time),true,https://cdn.prod.website-files.com/68170b56936df62525bb06bd/69d5c719efa045cd69dab554_MEch%20Embd.jpg,"<ul id=""""><li>Design and develop mechanical housings and mounting brackets for sensors, control units, and PCBs throughout the vehicle. </li></ul><ul id=""""><li>Create CAD models for custom enclosures that protect electronic components from vibration, dust, and moisture. </li></ul><ul id=""""><li>Design cable routing solutions </li></ul><ul id=""""><li>Collaborate closely with the mechanical and embedded departments to ensure mechanical comparability, optimal placement, and ease of access. </li></ul><ul id=""""><li>Prototype custom brackets and enclosures using 3D printing, laser cutting, and basic fabrication techniques.</li></ul><p>‍</p>","<ul id=""""><li>Currently pursuing an undergraduate degree in Mechanical Engineering, Mechatronics Engineering, or a related field. </li></ul><ul id=""""><li>Proficiency in CAD software (e.g., SolidWorks) is essential. </li></ul><ul id=""""><li>Strong understanding of mechanical design principles and common manufacturing processes. </li></ul><ul id=""""><li>Ability to work collaboratively with electrical and software engineers. </li></ul><ul id=""""><li>Hands-on experience with prototyping and basic fabrication techniques. </li></ul><ul id=""""><li>Solid understanding of mechanical design principles, fastening methods, and vibration isolation techniques. </li></ul><ul id=""""><li>Strong communication and teamwork skills; able to collaborate across mechanical and electrical teams. </li></ul><ul id=""""><li><strong id="""">Bonus</strong> - Basic understanding of electronics (what sensors and PCBs look like, how to handle them safely). </li></ul><ul id=""""><li><strong id="""">Bonus</strong> - Experience with FEA software. </li></ul>",Mechanical Engineering,Engineering
Mechanical Engineer - Energy Systems ,mechanical-engineer---energy-systems,682978edd8c30949b2fd6bf0,68170b56936df62525bb06b5,69112503c87ecd715d3b3f5b,false,false,Sun Nov 09 2025 23:34:27 GMT+0000 (Coordinated Universal Time),Wed Apr 08 2026 03:19:12 GMT+0000 (Coordinated Universal Time),Wed Apr 08 2026 03:19:12 GMT+0000 (Coordinated Universal Time),true,https://cdn.prod.website-files.com/68170b56936df62525bb06bd/691142d4a085c0a8254577ae_Mech%20ENS.JPG,"<ul id=""""><li>Design and maintain detailed CAD models and assemblies of various chassis components.  </li></ul><ul id=""""><li>Optimise part performance and ensure compliance with Australian standards by using simulation software and real-world testing to analyse and evaluate components.   </li></ul><ul id=""""><li>Employ various manufacturing methods and processes to fabricate composite and non-composite parts.   </li></ul><ul id=""""><li>Keep up to date with advancements in materials science, manufacturing, and automotive engineering to be able to apply recent engineering innovations to current projects.   </li></ul><ul id=""""><li>Collaborate effectively with engineers across departments and disciplines to ensure optimal integration of mechanical and electrical subsystems.  </li></ul><p>‍</p>","<ul id=""""><li>Currently pursuing an undergraduate degree in Mechanical and Manufacturing Engineering, Aerospace Engineering, Mechatronics, or a related field.  </li></ul><ul id=""""><li>Strong proficiency in CAD software (e.g. SolidWorks) is mandatory.   </li></ul><ul id=""""><li>Experience with FEA software (e.g., Ansys Mechanical, Ansys Fluent) is ideal.   </li></ul><ul id=""""><li>Strong understanding of common manufacturing processes in automotive engineering. </li></ul><ul id=""""><li>Prior robotics experience or knowledge of electrical systems to help with subsystem integration. (Preferred)  </li></ul><p>‍</p>",Mechanical Engineering,Engineering
Mechanical Engineer - Interior,interior-engineer,682978edd8c30949b2fd6bf0,68170b56936df62525bb06b5,6829799f00d93f05c1599a08,false,false,Sun May 18 2025 06:09:35 GMT+0000 (Coordinated Universal Time),Wed Apr 08 2026 03:19:12 GMT+0000 (Coordinated Universal Time),Wed Apr 08 2026 03:19:12 GMT+0000 (Coordinated Universal Time),true,https://cdn.prod.website-files.com/68170b56936df62525bb06bd/6872558183adc662f7973c47_2021-12-13-Sunswift-test-drive-0018.avif,"<ul><li>Design and develop mechanical housings and mounting brackets for sensors, control units, and PCBs throughout the vehicle. </li></ul><ul><li>Create CAD models for custom enclosures that protect electronic components from vibration, dust, and moisture. </li></ul><ul><li>Design cable routing solutions </li></ul><ul><li>Collaborate closely with the mechanical and embedded departments to ensure mechanical comparability, optimal placement, and ease of access. </li></ul><ul><li>Prototype custom brackets and enclosures using 3D printing, laser cutting, and basic fabrication techniques.</li></ul><p>‍</p><p>‍</p>","<ul id=""""><li>Currently pursuing an undergraduate degree in Mechanical Engineering, Aerospace Engineering, Mechatronics Engineering or a related field. </li></ul><ul id=""""><li>Proficiency in CAD software (e.g., Solidworks) is essential. </li></ul><ul id=""""><li>Strong understanding of common manufacturing processes. </li></ul><ul id=""""><li><strong id="""">Bonus </strong>- knowledge in surface modelling </li></ul><ul id=""""><li><strong id="""">Bonus </strong>- knowledge in composite materials and manufacturing. </li></ul><ul id=""""><li><strong id="""">Bonus </strong>- proficiency in FEA. </li></ul><p>‍</p>",Mechanical Engineering,Engineering
Mechanical Engineer - Interior ,mechanical-engineer---interior,682978edd8c30949b2fd6bf0,68170b56936df62525bb06b5,69d5148fa65eb1fcf8f05ef4,false,false,Tue Apr 07 2026 14:28:31 GMT+0000 (Coordinated Universal Time),Wed Apr 08 2026 03:19:13 GMT+0000 (Coordinated Universal Time),Wed Apr 08 2026 03:19:13 GMT+0000 (Coordinated Universal Time),false,,"<ul><li>Design and develop mechanical housings and mounting brackets for sensors, control units, and PCBs throughout the vehicle. </li></ul><ul><li>Create CAD models for custom enclosures that protect electronic components from vibration, dust, and moisture. </li></ul><ul><li>Design cable routing solutions </li></ul><ul><li>Collaborate closely with the mechanical and embedded departments to ensure mechanical comparability, optimal placement, and ease of access. </li></ul><ul><li>Prototype custom brackets and enclosures using 3D printing, laser cutting, and basic fabrication techniques.</li></ul><p>‍</p>","<ul><li>Currently pursuing an undergraduate degree in Mechanical Engineering, Mechatronics Engineering, or a related field. </li></ul><ul><li>Proficiency in CAD software (e.g., SolidWorks) is essential. </li></ul><ul><li>Strong understanding of mechanical design principles and common manufacturing processes. </li></ul><ul><li>Ability to work collaboratively with electrical and software engineers. </li></ul><ul><li>Hands-on experience with prototyping and basic fabrication techniques. </li></ul><ul><li>Solid understanding of mechanical design principles, fastening methods, and vibration isolation techniques. </li></ul><ul><li>Strong communication and teamwork skills; able to collaborate across mechanical and electrical teams. </li></ul><ul><li><strong>Bonus</strong> - Basic understanding of electronics (what sensors and PCBs look like, how to handle them safely). </li></ul><ul><li><strong>Bonus</strong> - Experience with FEA software. </li></ul><p>‍</p>",Mechanical Engineering,Engineering
Mechanical Engineer - Vehicle Dynamics,vehicle-dynamics-engineer,682978edd8c30949b2fd6bf0,68170b56936df62525bb06b5,682979a241e2a4ca9e51d9b3,false,false,Sun May 18 2025 06:09:38 GMT+0000 (Coordinated Universal Time),Wed Apr 08 2026 03:19:13 GMT+0000 (Coordinated Universal Time),Wed Apr 08 2026 03:19:13 GMT+0000 (Coordinated Universal Time),true,https://cdn.prod.website-files.com/68170b56936df62525bb06bd/687256305fe95b0ea21ccc72_2021-12-13-Sunswift-test-drive-0027.avif,"<ul id=""""><li>Develop and enhance detailed CAD models for various components of the solar car. </li></ul><ul id=""""><li>Conduct Finite Element Analysis (FEA) to validate the structural integrity and optimise the performance of key mechanical components in the solar car. </li></ul><ul id=""""><li>Collaborate closely with other engineering team members to integrate designs and ensure compatibility. </li></ul><ul id=""""><li>Participate in design reviews and contribute innovative solutions to complex engineering challenges. </li></ul><ul id=""""><li>Assist in the fabrication and assembly processes, translating CAD designs into physical components. </li></ul><ul id=""""><li>Maintain open availability to support team activities, including meetings and workshops. </li></ul><ul id=""""><li>Stay updated with the latest advancements in mechanical engineering and apply relevant knowledge to our projects. </li></ul><p>‍</p>","<ul id=""""><li>Currently enrolled in a Mechanical Engineering program. </li></ul><ul id=""""><li>Proficiency in CAD software (e.g., SolidWorks) is essential. </li></ul><ul id=""""><li>Understanding of FEA software (e.g. Ansys) is highly regarded. </li></ul><ul id=""""><li>Strong understanding of mechanical design principles and engineering fundamentals. </li></ul><ul id=""""><li>Excellent problem-solving skills and the ability to think critically under pressure. </li></ul><ul id=""""><li>Effective communication and teamwork skills, with a collaborative mindset. </li></ul><ul id=""""><li>High level of motivation and a passion for sustainable technology and innovation. </li></ul><ul id=""""><li>Availability to commit to regular team meetings and contribute to the project's timeline.</li></ul><p>‍</p>",Mechanical Engineering,Engineering
Mechanical Engineering - Alternative Energies,alternative-energies-engineer-70a76,682978edd8c30949b2fd6bf0,68170b56936df62525bb06b5,682979a1b42d35f376ee4546,false,false,Sun May 18 2025 06:09:37 GMT+0000 (Coordinated Universal Time),Wed Apr 08 2026 03:19:12 GMT+0000 (Coordinated Universal Time),Wed Apr 08 2026 03:19:12 GMT+0000 (Coordinated Universal Time),true,https://cdn.prod.website-files.com/68170b56936df62525bb06bd/687255ac457ec0ffae7b20d2_2021-12-13-Sunswift-test-drive-0070.avif,"<ul id=""""><li>Design and optimise the mechanical integration of the hydrogen fuel system, with a focus on pressure vessel design, venting systems, and safety. </li></ul><ul id=""""><li>Develop mounting systems for pressure vessels, ensuring they meet space, weight, and safety requirements. </li></ul><ul id=""""><li>Assist with the design and testing of hydrogen-specific safety systems such as venting valves, burst disks, and pressure relief systems. </li></ul><ul id=""""><li>Model and analyse the mechanical stresses on the pressure vessel and associated components (e.g. FEA). </li></ul><p>‍</p>","<ul id=""""><li>Currently pursuing an undergraduate degree in Mechanical Engineering, Mechatronics Engineering, Aerospace Engineering, or a related field. &nbsp;</li></ul><ul id=""""><li>Proficiency in CAD software (e.g. SolidWorks) is essential. </li></ul><ul id=""""><li>Strong understanding of mechanical design principles and engineering fundamentals. </li></ul><ul id=""""><li>Ability to work collaboratively in a multidisciplinary team environment and effectively communicate technical information. </li></ul><ul id=""""><li><strong id="""">Bonus</strong> - Experience with software such as MATLAB, Simulink, or equivalent for energy system simulations &nbsp;</li></ul><ul id=""""><li><strong id="""">Bonus</strong> - Interest or experience in CFD simulations, particularly for wheel well air intake and exhaust designs. </li></ul><ul id=""""><li><strong id="""">Bonus</strong> - Interest or experience in machining and manufacturing processes. </li></ul><ul id=""""><li><strong id="""">Bonus</strong> - Experience with welding or willingness to learn welding skills. </li></ul>",Mechanical Engineering,Engineering
Mechanical Powertrain Engineer,powertrain-engineer,682978edd8c30949b2fd6bf0,68170b56936df62525bb06b5,6879fa536e8a778ec958a585,false,false,Fri Jul 18 2025 07:40:03 GMT+0000 (Coordinated Universal Time),Wed Apr 08 2026 03:19:12 GMT+0000 (Coordinated Universal Time),Wed Apr 08 2026 03:19:12 GMT+0000 (Coordinated Universal Time),true,https://cdn.prod.website-files.com/68170b56936df62525bb06bd/687a015f04cb7026feac550a_2021-12-13-Sunswift-test-drive-0094.avif,"<ul id=""""><li>Collaborate closely with electrical and control engineers to ensure proper integration of motors, inverters, and transmission systems. </li></ul><ul id=""""><li>Design, analyse and optimise mechanical drivetrain components for a high-performance electric vehicle, including housings, gears, couplings, shafts, and mounts. </li></ul><ul id=""""><li>Maintenance and diagnosis of powertrain systems during vehicle testing </li></ul><p>‍</p>","<ul id=""""><li id="""">Prior experience working on drivetrain, transmission, or powertrain-related projects (internship, competition team, or personal project) - (bonus but not required). </li><li id="""">Proficiency in CAD  </li><li id="""">Understanding of mechanical design principles (especially related to rotating systems). </li><li id="""">Ability to work independently and collaboratively in a fast-paced, interdisciplinary team. </li><li id="""">Strong communication skills and a problem-solving mindset. </li><li id="""">Ability to learn quickly and adapt to change</li></ul>",Mechanical Engineering,Engineering
Media Officer,media-officer,682978edd8c30949b2fd6bf0,68170b56936df62525bb06b5,682979a0b6a5b758937657b3,false,false,Sun May 18 2025 06:09:36 GMT+0000 (Coordinated Universal Time),Wed Apr 08 2026 03:19:12 GMT+0000 (Coordinated Universal Time),Wed Apr 08 2026 03:19:12 GMT+0000 (Coordinated Universal Time),true,https://cdn.prod.website-files.com/68170b56936df62525bb06bd/6872530f88eb67bdb268612e_systems%20engineer.avif,"<p id="""">This role involves the planning, communication and creation of all things media. Thoroughly overseeing the social media channels, contacting partners, determining success of current media activations and implementing communications plans are all crucial elements of this role.&nbsp;</p><p id=""""><br></p><p id="""">The media officer is also responsible for ensuring consistent messaging and branding across media platforms in collaboration with other media team members. This role may also involve being in communication with external media platforms, including blogs, news sites and influencers.</p>",,Media,Media
Media Strategist ,media-strategist,682978edd8c30949b2fd6bf0,68170b56936df62525bb06b5,69d5153f48612a3655708ef0,false,false,Tue Apr 07 2026 14:31:27 GMT+0000 (Coordinated Universal Time),Wed Apr 08 2026 03:19:13 GMT+0000 (Coordinated Universal Time),Wed Apr 08 2026 03:19:13 GMT+0000 (Coordinated Universal Time),true,https://cdn.prod.website-files.com/68170b56936df62525bb06bd/69d5c683b76883b8ce7852cf_Media%20Strategist.jpg,"<p>This role involves strategizing, planning, and analysing the success of the media function of the team.</p><p><a href=""https://forms.cloud.microsoft/Pages/ResponsePage.aspx?id=pM_2PxXn20i44Qhnufn7o7pdhLeqwPNNryop8wbNiK9UMERaOFI2QkgzMTY4Q1NHTjRPMUROVk5OWS4u"" target=""_blank"">Apply for this role here!</a></p><p>‍</p>",<ul><li>Create a media strategy that aligns with team values and objectives </li></ul><ul><li>Planning media tactics and calendars </li></ul><ul><li>Ensuring and analysing the success of media outcomes and setting media objectives &nbsp;</li></ul><p>‍</p>,Media,Media
Partner and External Media,partner-and-external-media-2,682978edd8c30949b2fd6bf0,68170b56936df62525bb06b5,69e58d2d21b961fd19d439bb,false,false,Mon Apr 20 2026 02:19:25 GMT+0000 (Coordinated Universal Time),Mon Apr 20 2026 03:02:56 GMT+0000 (Coordinated Universal Time),Mon Apr 20 2026 03:02:56 GMT+0000 (Coordinated Universal Time),false,https://cdn.prod.website-files.com/68170b56936df62525bb06bd/69d5c636cfdd38f1e431b642_Extern%20Media.jpg,"<p>Part of Sunswift’s operations involve partners and external media outlets that assistin the publicity and resources. This role involves maintaining partnerrelations, planning content.</p><p>‍</p>",<p>·&nbsp;&nbsp;&nbsp;&nbsp;&nbsp;Ensure partnermedia obligations are met</p><p>·&nbsp;&nbsp;&nbsp;&nbsp;&nbsp;Communicatingwith external parties and media outlets</p><p>‍</p>,Media,Media
Partnerships & Sponsorship Manager,partnerships-sponsorship-manager,682978edd8c30949b2fd6bf0,68170b56936df62525bb06b5,682979a1b425701063794ace,false,false,Sun May 18 2025 06:09:37 GMT+0000 (Coordinated Universal Time),Mon Apr 20 2026 03:03:47 GMT+0000 (Coordinated Universal Time),Mon Apr 20 2026 03:03:47 GMT+0000 (Coordinated Universal Time),true,https://cdn.prod.website-files.com/68170b56936df62525bb06bd/687252f4c3f56167133904df_2021-12-13-Sunswift-test-drive-0007.jpg,"<p>This role involves supporting the Team Principal in securing new sponsorship agreements, while also helping oversee communications and managing existing relationships.&nbsp;<br></p><p>This includes developing and executing authentic partner activations alongside the Media team and Events team where necessary. It also involves tracking the impact of partnerships for reporting purposes and coordinating partner hosting experiences at events such as track days or offsites.</p><p>‍</p><ul><li>Identify and approach potential sponsors and industry partners &nbsp;</li></ul><ul><li>Develop sponsorship proposals, pitch decks, and outreach strategies &nbsp;</li></ul><ul><li>Maintain relationships with existing partners &nbsp;</li></ul><ul><li>Coordinate sponsor deliverables (branding, activations, reports) &nbsp;</li></ul><ul><li>Track partnership value and ensure mutual benefit &nbsp;</li></ul><ul><li>Support sponsor engagement at events and competitions &nbsp;</li></ul><p>‍</p>","<ul><li>Strong communication and interpersonal skills &nbsp;</li></ul><ul><li>Confidence in professional outreach (email, LinkedIn, meetings) &nbsp;</li></ul><ul><li>Interest in business development and relationship management &nbsp;</li></ul><ul><li>Ability to work independently and take initiative &nbsp;</li></ul><ul><li>Presentation and pitching skills are highly valued </li></ul><p>‍</p>",Business,Business
Performance Optimisation Engineer,performance-optimisation-engineer,682978edd8c30949b2fd6bf0,68170b56936df62525bb06b5,682979a1d8c30949b2fdb198,false,false,Sun May 18 2025 06:09:37 GMT+0000 (Coordinated Universal Time),Wed Apr 08 2026 03:19:13 GMT+0000 (Coordinated Universal Time),Wed Apr 08 2026 03:19:13 GMT+0000 (Coordinated Universal Time),true,https://cdn.prod.website-files.com/68170b56936df62525bb06bd/691054910cc6cca6fed9c6c9_image%20(1).jpg,"<ul><li>Develop and maintain simulation tools and modelling SR8’s energy consumption</li><li>Implement optimisation algorithms (e.g. route planning, control tuning, race strategy).</li><li>Analyse telemetry datasets and extract insights to improve performance and efficiency.</li><li>Build and validate predictive models using statistical or ML methods.</li><li>Collaborate closely with other teams to translate mathematical outputs into actionable engineering decisions.</li><li>Integrate model results into Sunswift’s telemetry, display, or simulation frameworks.</li><li>Contribute to improving codebases for reproducibility, speed, and clarity.</li></ul><p id="""">‍</p>","<ul id=""""> &nbsp;<li id="""">Strong mathematical and statistical reasoning ability<br></li><li id="""">Proficiency in Python <br></li><li id="""">Familiarity with scientific libraries (NumPy,SciPy, pandas, scikit-learn, PyTorch, etc.).<br></li><li id="""">Willingness to learn optimisation methods and other mathematical methods for modelling.<br></li><li id="""">Experience with data visualisation and validation of models using empirical data.<br></li><li id="""">Excellent communication and documentation skills; you can explain complex models clearly.<br></li><li id="""">Self-driven and curious; able to work independently and learn fast.</li><li id="""">AWS Sagemaker / Docker experience is a bonus</li><li>Experience in CV and/or RL is highly desired</li></ul>",Software Engineering,Engineering
Project Manager,project-manager,682978edd8c30949b2fd6bf0,68170b56936df62525bb06b5,682979a296b71bb55d525274,false,false,Sun May 18 2025 06:09:38 GMT+0000 (Coordinated Universal Time),Mon Apr 20 2026 03:03:47 GMT+0000 (Coordinated Universal Time),Mon Apr 20 2026 03:03:47 GMT+0000 (Coordinated Universal Time),true,https://cdn.prod.website-files.com/68170b56936df62525bb06bd/6872538b2d18853d766cdb92_2021-12-13-Sunswift-test-drive-0045.jpg,"<ul><li>Design and deliver outreach programs (e.g. school engagement, EDI initiatives) &nbsp;</li></ul><ul><li>Promote diversity, inclusion, and accessibility within Sunswift &nbsp;</li></ul><ul><li>Build relationships with external communities and organisations &nbsp;</li></ul><ul><li>Organise workshops, talks, and engagement events &nbsp;</li></ul><ul><li>Represent Sunswift in public-facing initiatives &nbsp;</li></ul><ul><li>Support long-term impact and community engagement strategy &nbsp;</li></ul><p>‍</p>","<ul><li>Passion for diversity, inclusion, and community impact &nbsp;</li></ul><ul><li>Strong communication and interpersonal skills &nbsp;</li></ul><ul><li>Initiative in creating and leading programs &nbsp;</li></ul><ul><li>Ability to engage with diverse audiences &nbsp;</li></ul><ul><li>Event planning or outreach experience (preferred) </li></ul><p> </p><p>‍</p>",Business,Business
Reliability Engineer,reliability-engineer,682978edd8c30949b2fd6bf0,68170b56936df62525bb06b5,682979a1db51ed34d1f3ce0d,false,false,Sun May 18 2025 06:09:37 GMT+0000 (Coordinated Universal Time),Wed Apr 08 2026 03:19:12 GMT+0000 (Coordinated Universal Time),Wed Apr 08 2026 03:19:12 GMT+0000 (Coordinated Universal Time),false,https://cdn.prod.website-files.com/68170b56936df62525bb06bd/68725572b6ac4d56582df0d9_IMG_6035.jpg,"<ul id="""">  <li>Determine and advise solutions for the materials compatibility of interfacing components throughout Sunswift 8.</li>  <li>Evaluate the performance lifetime of in-service components and suggest methods to monitor and track their degradation.</li>  <li>Work on the optimisation and mechanical testing of innovative solar panels for Sunswift 8, considering electrical efficiency, performance reliability, and sustainability.</li>  <li>Conduct rigorous material testing and analysis to ensure selected materials are ADR (Australian Design Rules) compliant to meet road safety regulations.</li></ul>","<ul id="""">  <li>Pursuing an undergraduate degree in Materials Science and Engineering, Chemical Engineering, Mechanical Engineering, or a related field.</li>  <li>Basic knowledge of surface coatings, wear, and corrosion.</li>  <li>Experience or willingness to learn FEA software such as ANSYS</li>  <li>Ability to switch between long-term project planning and hands-on, immediate tasks.</li>  <li>Strong communication and collaboration skills within a team setting.</li>  <li>Excellent time management skills.</li>  <li>Self-motivated and willingness to put in hard work to meet deadlines.</li></ul>",Material Science,Engineering
Screenwriter,screenwriter,682978edd8c30949b2fd6bf0,68170b56936df62525bb06b5,69e5895c881fd1a43a24c749,false,false,Mon Apr 20 2026 02:03:08 GMT+0000 (Coordinated Universal Time),Mon Apr 20 2026 02:05:18 GMT+0000 (Coordinated Universal Time),Mon Apr 20 2026 03:02:19 GMT+0000 (Coordinated Universal Time),true,https://cdn.prod.website-files.com/68170b56936df62525bb06bd/69e589cc0e87086f56539940_Screenwriter.jpg,"<p>With other members of the media team, a screenwriter will tell the Sunswift story through video and a documentary style series that aligns with the objectives and values of the media department and their strategy.&nbsp;</p><p>‍</p>",<ul><li>Formulate a story and write screenplays&nbsp;</li><li>Communicating with internal media members to execute a final product aligned with the vision of the media department&nbsp;</li></ul>,Media,Media
Social Media Officer,social-media-officer,682978edd8c30949b2fd6bf0,68170b56936df62525bb06b5,682979a0d8c30949b2fdb153,false,false,Sun May 18 2025 06:09:36 GMT+0000 (Coordinated Universal Time),Wed Apr 08 2026 03:19:12 GMT+0000 (Coordinated Universal Time),Wed Apr 08 2026 03:19:12 GMT+0000 (Coordinated Universal Time),false,https://cdn.prod.website-files.com/68170b56936df62525bb06bd/6872538b2d18853d766cdb92_2021-12-13-Sunswift-test-drive-0045.avif,"<p id="""">Sunswift operates across numerous social media platforms, including YouTube, Facebook, Instagram, and TikTok. This role involves working with the Media Officer and implementing communications plans to enhance Sunswift Racing’s public presence and promote upcoming events. This would include:</p><ul id="""">  <li>Designing graphics and promotional material in line with brand guidelines to ensure engaging messaging.</li>  <li>Executing content calendars for social media posts and other communications.</li>  <li>Planning media coverage over upcoming events.</li>  <li>Analysing metrics for success to determine the effectiveness of the communications plan.</li></ul>",,Media,Media
Solar Array Characterisation Engineer,solar-array-characterisation-engineer,682978edd8c30949b2fd6bf0,68170b56936df62525bb06b5,682979a186372c6792d7b745,false,false,Sun May 18 2025 06:09:37 GMT+0000 (Coordinated Universal Time),Wed Apr 08 2026 03:19:12 GMT+0000 (Coordinated Universal Time),Wed Apr 08 2026 03:19:12 GMT+0000 (Coordinated Universal Time),true,https://cdn.prod.website-files.com/68170b56936df62525bb06bd/68725459a1797499826c20d9_2021-12-13-Sunswift-test-drive-0077.jpg,"<ul id="""">  <li>Characterise the performance of solar array and solar cell</li>  <li>Work closely with team in Renewable Makerspace, SIRF and SPREE laboratories, do fabrication and characterisation (electrical and optical) with the team.&nbsp;</li>  <li>Test and maintain the solar array on the car embedded with MPPT&nbsp;</li>  <li>Simulation of solar cell/array performance, analyse and maintain the solar array characterisation results.</li></ul>","<ul id="""">  <li>Currently pursuing a degree in Renewable Engineering, Photovoltaic Engineering, Electrical Engineering, Mechanical Engineering or a related field&nbsp;</li>  <li>Experience in PCB design, C/C++/python/matlab simulation, or any other types of simulation software</li>  <li>Have done SOLA 2060 or SOLA 2051 or other similar courses for students in Renewable Engineering and Photovoltaic Engineering, have done ELEC 2134 or ELEC 2133 for students in Electrical Engineering.&nbsp;</li>  <li>Understand the physical mechanisms of solar cell and characterization methods would be ideal</li>  <li>Familiar with LTSpice or some similar simulation software&nbsp;</li>  <li>Strong problem-solving ability, strong resilience and persistence</li></ul>",Renewables,Engineering
Solar Array Fabrication Engineer,solar-array-fabrication-engineer,682978edd8c30949b2fd6bf0,68170b56936df62525bb06b5,682979a1bb81a9ae144f4c29,false,false,Sun May 18 2025 06:09:37 GMT+0000 (Coordinated Universal Time),Wed Apr 08 2026 03:19:13 GMT+0000 (Coordinated Universal Time),Wed Apr 08 2026 03:19:13 GMT+0000 (Coordinated Universal Time),false,https://cdn.prod.website-files.com/68170b56936df62525bb06bd/6872548636e3095ae9d8d1a0_renewable%20energy%20engineer.jpeg,"<ul id="""">  <li>Design and develop the solar array structure, set up the model in Solidworks eventually</li>  <li>Conduct mechanical stress simulation and design the solar array stack structure</li>  <li>Work closely with team in Renewable Makerspace, SIRF and SPREE laboratories, do fabrication and characterization (electrical and optical) with the team.&nbsp;</li></ul>","<ul id="""">  <li>Currently pursuing a degree in Renewable Engineering, Photovoltaic Engineering, Electrical Engineering, Mechanical Engineering or a related field.</li>  <li>Experience in CAD/Solidworks modelling (Solidworks experience is ideal)</li>  <li>Strong problem-solving ability, strong resilience and persistence.&nbsp;</li></ul>",Renewables,Engineering
Solar Array Manufacturing Engineer,solar-array-manufacturing-engineer,682978edd8c30949b2fd6bf0,68170b56936df62525bb06b5,6879fcba6a8ba39a3dbed2b9,false,false,Fri Jul 18 2025 07:50:18 GMT+0000 (Coordinated Universal Time),Wed Apr 08 2026 03:19:13 GMT+0000 (Coordinated Universal Time),Wed Apr 08 2026 03:19:13 GMT+0000 (Coordinated Universal Time),true,https://cdn.prod.website-files.com/68170b56936df62525bb06bd/6872548636e3095ae9d8d1a0_renewable%20energy%20engineer.jpeg,"<ul><li>Design and develop the SR8 solar array structure, optimise the methodology of module manufacturing</li><li>Conduct mechanical stress simulation and design the solar array stack structure</li><li>Work closely with team in Renewable Makerspace, SIRF and SPREE laboratories, and do solar module fabrication. &nbsp;</li><li>Do characterization test with team about the curved module designed for the car</li></ul>","<ul><li>Currently pursuing a degree in Renewable Engineering, Photovoltaic Engineering, Electrical Engineering, Mechanical Engineering or a related field &nbsp;</li><li>Experience in CAD/Solidworks modelling (Solidworks experience is ideal) </li><li>Strong problem-solving ability, strong resilience and persistence.</li></ul>",Renewables,Engineering
Solar Panel Engineer,energy-systems-solar-panel-engineer,682978edd8c30949b2fd6bf0,68170b56936df62525bb06b5,682979a0d64340a80e86571c,false,false,Sun May 18 2025 06:09:36 GMT+0000 (Coordinated Universal Time),Wed Apr 08 2026 03:19:13 GMT+0000 (Coordinated Universal Time),Wed Apr 08 2026 03:19:13 GMT+0000 (Coordinated Universal Time),false,https://cdn.prod.website-files.com/68170b56936df62525bb06bd/6872548636e3095ae9d8d1a0_renewable%20energy%20engineer.jpeg,"<ul id="""">  <li>Design, develop, and optimize solar power systems for the SR8, including solar panel layout, electrical connections, and integration with the vehicle’s energy storage systems to power auxiliary functions in SR8.</li>  <li>Collaborate with the Energy systems and Embedded systems Engineers store and distribute energy, collaborate with mechanical engineers to design and mount solar panels on the car chassis.</li>  <li>Liaise with industry partner to construct, test and implement the solar array for SR8.</li>  <li>Perform simulations and testing to validate the performance of the solar panels in real-world conditions, including varying sunlight intensity and vehicle speeds.</li>  <li>Integrate solar power data into the vehicle’s control system, allowing for real-time monitoring and adjustments based on energy production and consumption.</li></ul>","<ul id="""">  <li>Pursuing an undergraduate degree in Renewable Energy Engineering, Photovoltaic Engineering, Electrical Engineering, or a related field.</li>  <li>Strong knowledge of solar panel technology is essential and experience in energy systems is preferred.</li>  <li>Experience with LTspice software, and knowledge of testing using IV, photoluminescence and electroluminescence is strongly recommended.&nbsp;</li>  <li>Strong analytical skills, attention to detail, and ability to work with interdisciplinary teams.</li>  <li>Enthusiastic about sustainable energy solutions and renewable technologies.</li></ul>",Electrical Engineering,Engineering
Strategy Manager,strategy-manager,682978edd8c30949b2fd6bf0,68170b56936df62525bb06b5,69e58ebde831e26c002a00ba,false,false,Mon Apr 20 2026 02:26:05 GMT+0000 (Coordinated Universal Time),Mon Apr 20 2026 03:14:47 GMT+0000 (Coordinated Universal Time),Mon Apr 20 2026 04:04:37 GMT+0000 (Coordinated Universal Time),true,https://cdn.prod.website-files.com/68170b56936df62525bb06bd/69e598fab342189526381b55_strategy%20manager.jpg,"<ul><li>Develop and implement long-term Sunswift strategy across teams &nbsp;</li></ul><ul><li>Analyse industry trends, competitors, and internal performance &nbsp;</li></ul><ul><li>Coordinate cross-functional execution of strategic initiatives &nbsp;</li></ul><ul><li>Define KPIs and track performance across key projects &nbsp;</li></ul><ul><li>Support leadership with insights, reports, and decision-making &nbsp;</li></ul><ul><li>Identify strategic risks and propose mitigation plans &nbsp;</li></ul><p>‍</p>","<ul><li>Strong analytical and structured thinking skills &nbsp;</li></ul><ul><li>Ability to translate strategy into actionable plans &nbsp;</li></ul><ul><li>Confident working with data and performance metrics &nbsp;</li></ul><ul><li>Strong communication and presentation skills &nbsp;</li></ul><ul><li>Ability to work across diverse technical and business teams &nbsp;</li></ul><ul><li>Initiative, leadership potential, and problem-solving mindset </li></ul><p>‍</p>",Business,Business
Systems Engineer,systems-engineer,682978edd8c30949b2fd6bf0,68170b56936df62525bb06b5,682979a279bd1b2d43dd1ff3,false,false,Sun May 18 2025 06:09:38 GMT+0000 (Coordinated Universal Time),Wed Apr 08 2026 03:19:13 GMT+0000 (Coordinated Universal Time),Wed Apr 08 2026 03:19:13 GMT+0000 (Coordinated Universal Time),true,https://cdn.prod.website-files.com/68170b56936df62525bb06bd/6872530f88eb67bdb268612e_systems%20engineer.avif,"<ul id="""">  <li>Coordinate the integration and interfacing between projects and departments, ensuring coherence by collecting all relevant requirements and constraints.</li>  <li>Collaborate with teams to ensure compliance with various guidelines, contributing to the vehicle's regulatory adherence and road legality.</li>  <li>Oversee the creation and execution of Verification &amp; Validation processes to ensure that all vehicle components meet design requirements and safety regulations.&nbsp;</li>  <li>Oversee Mechanical drawings to ensure compliance with external requirements.</li>  <li>Utilise Model Based Systems Engineering methodologies to simulate and optimise subsystems.</li></ul>","<ul id=""""><li>Currently pursuing a degree in <strong id="""">any </strong>engineering discipline (Highly Desirable: Aerospace, Mechanical, Mechatronics, Electrical). &nbsp;</li></ul><ul id=""""><li>Excellent teamwork and communication skills. </li></ul><ul id=""""><li>Experience in multidisciplinary engineering projects. </li></ul><ul id=""""><li>Passionate, dedicated, and eager to learn! Since Systems Engineering isn't typically offered at the undergraduate level, this role provides a rare opportunity to gain practical, hands-on experience in this field. </li></ul><p>‍</p>",Systems Engineering,Engineering
Telemetry Engineer,telemetry-engineer,682978edd8c30949b2fd6bf0,68170b56936df62525bb06b5,682979a0db51ed34d1f3cde6,false,false,Sun May 18 2025 06:09:36 GMT+0000 (Coordinated Universal Time),Wed Apr 08 2026 03:19:12 GMT+0000 (Coordinated Universal Time),Wed Apr 08 2026 03:19:12 GMT+0000 (Coordinated Universal Time),true,https://cdn.prod.website-files.com/68170b56936df62525bb06bd/68725739305c14dd91b6ebae_performance_edited.avif,"<ul><li>Create and maintain telemetry systems for all active Sunswift vehicles.</li> &nbsp;<li>Coordinate with the Embedded Systems department to collect and store sensor data from active Sunswift vehicles.</li> &nbsp;<li>Data management using AWS applications such as EC2, Timestream, IoT Core. Additionally, assist with retrieval of data for use by engineering departments.&nbsp;</li> &nbsp;<li>Presentation of live data using Grafana dashboards (or related systems).</li> &nbsp;<li>Telecommunications setup for data transfer during track events and the Bridgestone World Solar Challenge. This includes using technology such as Starlink, Point-to-Point WiFi, and Wireless Mesh Networks.</li></ul>","<ul id=""""> &nbsp;<li id="""">Currently pursuing a degree in Computer Science, Software Engineering, Telecommunications Engineering, or a related field.</li> &nbsp;<li id="""">Experience in database systems, including completing COMP3311 or a similar course.</li> &nbsp;<li id="""">Willingness to learn new tools such as AWS and take initiative to explore various tools to improve software architecture.</li> &nbsp;<li id="""">Strong problem-solving ability, strong resilience and persistence.</li></ul>",Software Engineering,Engineering
Thermal Engineer: Chassis and Bodywork,thermal-engineer-chassis-and-bodywork,682978edd8c30949b2fd6bf0,68170b56936df62525bb06b5,6829799f16de3744b0ce04c8,false,false,Sun May 18 2025 06:09:35 GMT+0000 (Coordinated Universal Time),Wed Apr 08 2026 03:19:13 GMT+0000 (Coordinated Universal Time),Wed Apr 08 2026 03:19:13 GMT+0000 (Coordinated Universal Time),false,https://cdn.prod.website-files.com/68170b56936df62525bb06bd/68725399b6e2f0969c24c8f3_2021-12-13-Sunswift-test-drive-0059.avif,"<ul id="""">  <li>Design and maintain detailed CAD models and assemblies of various chassis components.</li>  <li>Optimise part performance and ensure compliance with Australian standards by using simulation software and real-world testing to analyse and evaluate components.</li>  <li>Employ various manufacturing methods and processes to fabricate composite and non-composite parts.</li>  <li>Keep up to date with advancements in materials science, manufacturing, and automotive engineering to be able to apply recent engineering innovations to current projects.</li>  <li>Collaborate effectively with engineers across departments and disciplines to ensure optimal integration of mechanical and electrical subsystems.</li></ul>","<ul id="""">  <li>Currently pursuing an undergraduate degree in Mechanical Engineering.</li>  <li>Proficiency in CAD software (e.g., Solidworks) is essential.</li>  <li>Has taken thermodynamics (MMAN2700) and has strong interest in thermal</li>  <li>Strong understanding of common manufacturing processes.</li>  <li>Bonus - knowledge in composite materials and manufacturing.</li>  <li>Bonus - proficiency in FEA.</li>  <li>Bonus - robotics experience or knowledge of electrical systems.</li></ul>",Mechanical Engineering,Engineering
Videographer/Photographer,videographer-photographer,682978edd8c30949b2fd6bf0,68170b56936df62525bb06b5,682979a1413f6b916ec81a3f,false,false,Sun May 18 2025 06:09:37 GMT+0000 (Coordinated Universal Time),Wed Apr 08 2026 03:19:13 GMT+0000 (Coordinated Universal Time),Wed Apr 08 2026 03:19:13 GMT+0000 (Coordinated Universal Time),true,https://cdn.prod.website-files.com/68170b56936df62525bb06bd/69d5c757af48e1566aa7a5ed_Videographer.jpg,"<p>Students in this role will be responsible for helping implement marketing and media objectives through capturing and editing photos and videos.&nbsp;</p><p>This will include the creation of planned advertisements, small social media posts, or event footage from showcases and track days. This role may also involve working with external partners to create joint activations.</p><p><a href=""https://forms.cloud.microsoft/Pages/ResponsePage.aspx?id=pM_2PxXn20i44Qhnufn7o7pdhLeqwPNNryop8wbNiK9UMERaOFI2QkgzMTY4Q1NHTjRPMUROVk5OWS4u"" target=""_blank"">Apply for this role here!</a></p><p>‍</p>",<ul><li>Attend events to capture photo and/or video </li></ul><ul><li>Edit and curate photos and video for media channels such as social media </li></ul><ul><li>Work with external partners to create joint activations </li></ul><p>‍</p>,Media,Media
